Title,Brand,Rating,Reviews,Price,Image URL,Product URL
Wembley Stacking Toys for Kids Baby Bath Toys Colorful Toddler Soft Activity 4 Castle Stacks & 1 Tower Top Sensory Teething Toys for Toddler 0-3-6-12-18 Months Gift for Babies,Tue 13 May,4.7,5.0,799,https://m.media-amazon.com/images/I/612SDw1eEQL._AC_UL320_.jpg,https://www.amazon.in/sspa/click?ie=UTF8&spc=MToyNzQxOTY1NTUwODYzMzM3OjE3NDY4ODQ4ODQ6c3BfYXRmOjMwMDUxODQzNzE1ODEzMjo6MDo6&url=%2FWembley-Stacking-Colorful-Activity-0-3-6-12-18%2Fdp%2FB0DTYYNC8V%2Fref%3Dsr_1_1_sspa%3Fdib%3DeyJ2IjoiMSJ9.RHUcwkkkik3WcIyBlMsmdc6M1QWebgPfYKICPmcUleqf73OgS42nu7uRAwx8_Iiq7tNO9Or3OswMHZqejZ0yPu7ZNKOLyTFGfE5D_9iOEvv9HSbYyZLh4xraM7kLlJ_QX3iJwXOEpIGEKacjbdgMeBOvuyBK_jpvB3WdhaXda0Dg4dS9UWPgWekX31ilB8S1R4o6sheH9IjY2xF3p_tMMiYbaQLuUwOJ6Wqm72svfokeVQuVtEt2AL-lzpIKYqWYdtNOH9OQygLKNqdzzJXOCasOZu2BSIOtKCepvQ5L1Ug.0fDqix9jENhoIkIRsxXAlFN9oEtQqC02SvsFmmUbus8%26dib_tag%3Dse%26keywords%3Dsoft%2Btoys%26qid%3D1746884884%26sr%3D8-1-spons%26sp_csd%3Dd2lkZ2V0TmFtZT1zcF9hdGY%26psc%3D1
HappyBuddy Talking Plush Toy Lenny The Lion | Soft Toy for Kids 1-5 Years Age,Thu 15 May,,,999,https://m.media-amazon.com/images/I/612RyncKUIL._AC_UL320_.jpg,https://www.amazon.in/sspa/click?ie=UTF8&spc=MToyNzQxOTY1NTUwODYzMzM3OjE3NDY4ODQ4ODQ6c3BfYXRmOjMwMDU1NTIxMDcxMDMzMjo6MDo6&url=%2FHappyBuddy-Talking-Plush-Toy-Lion%2Fdp%2FB0F4NGGGDQ%2Fref%3Dsr_1_2_sspa%3Fdib%3DeyJ2IjoiMSJ9.RHUcwkkkik3WcIyBlMsmdc6M1QWebgPfYKICPmcUleqf73OgS42nu7uRAwx8_Iiq7tNO9Or3OswMHZqejZ0yPu7ZNKOLyTFGfE5D_9iOEvv9HSbYyZLh4xraM7kLlJ_QX3iJwXOEpIGEKacjbdgMeBOvuyBK_jpvB3WdhaXda0Dg4dS9UWPgWekX31ilB8S1R4o6sheH9IjY2xF3p_tMMiYbaQLuUwOJ6Wqm72svfokeVQuVtEt2AL-lzpIKYqWYdtNOH9OQygLKNqdzzJXOCasOZu2BSIOtKCepvQ5L1Ug.0fDqix9jENhoIkIRsxXAlFN9oEtQqC02SvsFmmUbus8%26dib_tag%3Dse%26keywords%3Dsoft%2Btoys%26qid%3D1746884884%26sr%3D8-2-spons%26sp_csd%3Dd2lkZ2V0TmFtZT1zcF9hdGY%26psc%3D1
"pikipo Super Saver Soft Polyester Toy for Infant Combo(3-in-1): Kitty Rattle, Bunny Rattle, and 11Cm Ball, Red",Thu 15 May,4.5,142.0,399,https://m.media-amazon.com/images/I/819-ZTM82tL._AC_UL320_.jpg,https://www.amazon.in/sspa/click?ie=UTF8&spc=MToyNzQxOTY1NTUwODYzMzM3OjE3NDY4ODQ4ODQ6c3BfYXRmOjMwMDUyMzEzNjI2MTczMjo6MDo6&url=%2FPikipo-Super-Saver-Soft-Combo%2Fdp%2FB0C81CVR7V%2Fref%3Dsr_1_3_sspa%3Fdib%3DeyJ2IjoiMSJ9.RHUcwkkkik3WcIyBlMsmdc6M1QWebgPfYKICPmcUleqf73OgS42nu7uRAwx8_Iiq7tNO9Or3OswMHZqejZ0yPu7ZNKOLyTFGfE5D_9iOEvv9HSbYyZLh4xraM7kLlJ_QX3iJwXOEpIGEKacjbdgMeBOvuyBK_jpvB3WdhaXda0Dg4dS9UWPgWekX31ilB8S1R4o6sheH9IjY2xF3p_tMMiYbaQLuUwOJ6Wqm72svfokeVQuVtEt2AL-lzpIKYqWYdtNOH9OQygLKNqdzzJXOCasOZu2BSIOtKCepvQ5L1Ug.0fDqix9jENhoIkIRsxXAlFN9oEtQqC02SvsFmmUbus8%26dib_tag%3Dse%26keywords%3Dsoft%2Btoys%26qid%3D1746884884%26sr%3D8-3-spons%26sp_csd%3Dd2lkZ2V0TmFtZT1zcF9hdGY%26psc%3D1
"GOLDENHUB TOYS 15cm Panda Plush Soft Toy, Huggable Stuffed Animal",Sat 17 May,,,90,https://m.media-amazon.com/images/I/31Jzz8457pL._AC_UL320_.jpg,https://www.amazon.in/sspa/click?ie=UTF8&spc=MToyNzQxOTY1NTUwODYzMzM3OjE3NDY4ODQ4ODQ6c3BfYXRmOjMwMDU1NzMxODk1MDIzMjo6MDo6&url=%2FGOLDENHUB-TOYS-Huggable-Stuffed-Animal%2Fdp%2FB0DP4N6MQQ%2Fref%3Dsr_1_4_sspa%3Fdib%3DeyJ2IjoiMSJ9.RHUcwkkkik3WcIyBlMsmdc6M1QWebgPfYKICPmcUleqf73OgS42nu7uRAwx8_Iiq7tNO9Or3OswMHZqejZ0yPu7ZNKOLyTFGfE5D_9iOEvv9HSbYyZLh4xraM7kLlJ_QX3iJwXOEpIGEKacjbdgMeBOvuyBK_jpvB3WdhaXda0Dg4dS9UWPgWekX31ilB8S1R4o6sheH9IjY2xF3p_tMMiYbaQLuUwOJ6Wqm72svfokeVQuVtEt2AL-lzpIKYqWYdtNOH9OQygLKNqdzzJXOCasOZu2BSIOtKCepvQ5L1Ug.0fDqix9jENhoIkIRsxXAlFN9oEtQqC02SvsFmmUbus8%26dib_tag%3Dse%26keywords%3Dsoft%2Btoys%26qid%3D1746884884%26sr%3D8-4-spons%26sp_csd%3Dd2lkZ2V0TmFtZT1zcF9hdGY%26psc%3D1
VGRASSP Classic Dial Receiver Simulation Telephone Toy for Kids - Rotating Number Dial with Calling Sound Effect - Storytelling Toy Phone Accompanied with Lights - Color As Per Stock,Wed 14 May,4.0,171.0,639,https://m.media-amazon.com/images/I/81CAevJ5rWL._AC_UL320_.jpg,https://www.amazon.in/sspa/click?ie=UTF8&spc=MToyNzQxOTY1NTUwODYzMzM3OjE3NDY4ODQ4ODQ6c3BfbXRmOjMwMDE5OTM1NDI1ODYzMjo6MDo6&url=%2FVGRASSP-Classic-Receiver-Simulation-Telephone%2Fdp%2FB0CXPX7R27%2Fref%3Dsr_1_21_sspa%3Fdib%3DeyJ2IjoiMSJ9.RHUcwkkkik3WcIyBlMsmdc6M1QWebgPfYKICPmcUleqf73OgS42nu7uRAwx8_Iiq7tNO9Or3OswMHZqejZ0yPu7ZNKOLyTFGfE5D_9iOEvv9HSbYyZLh4xraM7kLlJ_QX3iJwXOEpIGEKacjbdgMeBOvuyBK_jpvB3WdhaXda0Dg4dS9UWPgWekX31ilB8S1R4o6sheH9IjY2xF3p_tMMiYbaQLuUwOJ6Wqm72svfokeVQuVtEt2AL-lzpIKYqWYdtNOH9OQygLKNqdzzJXOCasOZu2BSIOtKCepvQ5L1Ug.0fDqix9jENhoIkIRsxXAlFN9oEtQqC02SvsFmmUbus8%26dib_tag%3Dse%26keywords%3Dsoft%2Btoys%26qid%3D1746884884%26sr%3D8-21-spons%26sp_csd%3Dd2lkZ2V0TmFtZT1zcF9tdGY%26psc%3D1
"Jinglers 4 in 1 Musical Caterpillar Soft Toy for Kids Early Development | High Contrast Animal Sensory Toy for Newborns | Rattle for Babies Features Musical, Squeak Crinkle and Hight Measurement",Fri 16 May,5.0,1.0,794,https://m.media-amazon.com/images/I/612Cu1PAqfL._AC_UL320_.jpg,https://www.amazon.in/sspa/click?ie=UTF8&spc=MToyNzQxOTY1NTUwODYzMzM3OjE3NDY4ODQ4ODQ6c3BfbXRmOjMwMDU0Mzk2Nzc3NTMzMjo6MDo6&url=%2FJinglers-Caterpillar-Development-Contrast-Montessori%2Fdp%2FB0DG95R9L3%2Fref%3Dsr_1_22_sspa%3Fdib%3DeyJ2IjoiMSJ9.RHUcwkkkik3WcIyBlMsmdc6M1QWebgPfYKICPmcUleqf73OgS42nu7uRAwx8_Iiq7tNO9Or3OswMHZqejZ0yPu7ZNKOLyTFGfE5D_9iOEvv9HSbYyZLh4xraM7kLlJ_QX3iJwXOEpIGEKacjbdgMeBOvuyBK_jpvB3WdhaXda0Dg4dS9UWPgWekX31ilB8S1R4o6sheH9IjY2xF3p_tMMiYbaQLuUwOJ6Wqm72svfokeVQuVtEt2AL-lzpIKYqWYdtNOH9OQygLKNqdzzJXOCasOZu2BSIOtKCepvQ5L1Ug.0fDqix9jENhoIkIRsxXAlFN9oEtQqC02SvsFmmUbus8%26dib_tag%3Dse%26keywords%3Dsoft%2Btoys%26qid%3D1746884884%26sr%3D8-22-spons%26sp_csd%3Dd2lkZ2V0TmFtZT1zcF9tdGY%26psc%3D1
"Toy Imagine Door-Hanging Tennis Ball Games for Kids (Ages 5 and Up): Interactive Fun with 2 Rackets, 5 Balls",Thu 15 May,3.9,281.0,379,https://m.media-amazon.com/images/I/61YgPfZBFjL._AC_UL320_.jpg,https://www.amazon.in/sspa/click?ie=UTF8&spc=MToyNzQxOTY1NTUwODYzMzM3OjE3NDY4ODQ4ODQ6c3BfbXRmOjMwMDQ3NzcyNTc5NTczMjo6MDo6&url=%2FToy-Imagine-Door-Hanging-Tennis-Games%2Fdp%2FB0D4Z3FXKC%2Fref%3Dsr_1_23_sspa%3Fdib%3DeyJ2IjoiMSJ9.RHUcwkkkik3WcIyBlMsmdc6M1QWebgPfYKICPmcUleqf73OgS42nu7uRAwx8_Iiq7tNO9Or3OswMHZqejZ0yPu7ZNKOLyTFGfE5D_9iOEvv9HSbYyZLh4xraM7kLlJ_QX3iJwXOEpIGEKacjbdgMeBOvuyBK_jpvB3WdhaXda0Dg4dS9UWPgWekX31ilB8S1R4o6sheH9IjY2xF3p_tMMiYbaQLuUwOJ6Wqm72svfokeVQuVtEt2AL-lzpIKYqWYdtNOH9OQygLKNqdzzJXOCasOZu2BSIOtKCepvQ5L1Ug.0fDqix9jENhoIkIRsxXAlFN9oEtQqC02SvsFmmUbus8%26dib_tag%3Dse%26keywords%3Dsoft%2Btoys%26qid%3D1746884884%26sr%3D8-23-spons%26sp_csd%3Dd2lkZ2V0TmFtZT1zcF9tdGY%26psc%3D1
"Toy Imagine? Tumbling Tower Game for Kids and Adults, Wooden Blocks with 4 Dices Game|Stacking Game Challenging|Maths Game",Tue 13 May,4.0,1498.0,310,https://m.media-amazon.com/images/I/61yEvHHViTL._AC_UL320_.jpg,https://www.amazon.in/sspa/click?ie=UTF8&spc=MToyNzQxOTY1NTUwODYzMzM3OjE3NDY4ODQ4ODQ6c3BfbXRmOjMwMDUzOTUwODY4OTEzMjo6MDo6&url=%2FToy-ImagineTM-Traditional-Development-Challenging%2Fdp%2FB09XML6PPD%2Fref%3Dsr_1_24_sspa%3Fdib%3DeyJ2IjoiMSJ9.RHUcwkkkik3WcIyBlMsmdc6M1QWebgPfYKICPmcUleqf73OgS42nu7uRAwx8_Iiq7tNO9Or3OswMHZqejZ0yPu7ZNKOLyTFGfE5D_9iOEvv9HSbYyZLh4xraM7kLlJ_QX3iJwXOEpIGEKacjbdgMeBOvuyBK_jpvB3WdhaXda0Dg4dS9UWPgWekX31ilB8S1R4o6sheH9IjY2xF3p_tMMiYbaQLuUwOJ6Wqm72svfokeVQuVtEt2AL-lzpIKYqWYdtNOH9OQygLKNqdzzJXOCasOZu2BSIOtKCepvQ5L1Ug.0fDqix9jENhoIkIRsxXAlFN9oEtQqC02SvsFmmUbus8%26dib_tag%3Dse%26keywords%3Dsoft%2Btoys%26qid%3D1746884884%26sr%3D8-24-spons%26sp_csd%3Dd2lkZ2V0TmFtZT1zcF9tdGY%26psc%3D1
"Shatanuvart Export Rechargeable Wireless Mini Portable Bluetooth Karaoke Machine with Microphone and LED Lights - Bluetooth Speaker for Kids' Music Singing Toys, Birthday Gift Ideas for Boys (Mix)",Wed 14 May,2.7,10.0,474,https://m.media-amazon.com/images/I/71Dj72h10PL._AC_UL320_.jpg,https://www.amazon.in/sspa/click?ie=UTF8&spc=MToyNzQxOTY1NTUwODYzMzM3OjE3NDY4ODQ4ODQ6c3BfYnRmOjMwMDUzMTg0NjU3NjYzMjo6MDo6&url=%2FShatanuvart-Export-Rechargeable-Bluetooth-Microphone%2Fdp%2FB0F3CPM66J%2Fref%3Dsr_1_57_sspa%3Fdib%3DeyJ2IjoiMSJ9.RHUcwkkkik3WcIyBlMsmdc6M1QWebgPfYKICPmcUleqf73OgS42nu7uRAwx8_Iiq7tNO9Or3OswMHZqejZ0yPu7ZNKOLyTFGfE5D_9iOEvv9HSbYyZLh4xraM7kLlJ_QX3iJwXOEpIGEKacjbdgMeBOvuyBK_jpvB3WdhaXda0Dg4dS9UWPgWekX31ilB8S1R4o6sheH9IjY2xF3p_tMMiYbaQLuUwOJ6Wqm72svfokeVQuVtEt2AL-lzpIKYqWYdtNOH9OQygLKNqdzzJXOCasOZu2BSIOtKCepvQ5L1Ug.0fDqix9jENhoIkIRsxXAlFN9oEtQqC02SvsFmmUbus8%26dib_tag%3Dse%26keywords%3Dsoft%2Btoys%26qid%3D1746884884%26sr%3D8-57-spons%26sp_csd%3Dd2lkZ2V0TmFtZT1zcF9idGY%26psc%3D1
Storio Toy Super Cute Plushie Soft Toys for Kids | Plush Soft Toys for Baby Boys and Girls Kids - Husky Dog | Best Valentine Gift,Fri 16 May,4.2,1676.0,379,https://m.media-amazon.com/images/I/61H9EfdAcyL._AC_UL320_.jpg,https://www.amazon.in/sspa/click?ie=UTF8&spc=MToyNzQxOTY1NTUwODYzMzM3OjE3NDY4ODQ4ODQ6c3BfYnRmOjMwMDM3MTA3OTQwMTUzMjo6MDo6&url=%2FStorio-Super-Plushie-Plush-Girls%2Fdp%2FB0CQG69GBY%2Fref%3Dsr_1_58_sspa%3Fdib%3DeyJ2IjoiMSJ9.RHUcwkkkik3WcIyBlMsmdc6M1QWebgPfYKICPmcUleqf73OgS42nu7uRAwx8_Iiq7tNO9Or3OswMHZqejZ0yPu7ZNKOLyTFGfE5D_9iOEvv9HSbYyZLh4xraM7kLlJ_QX3iJwXOEpIGEKacjbdgMeBOvuyBK_jpvB3WdhaXda0Dg4dS9UWPgWekX31ilB8S1R4o6sheH9IjY2xF3p_tMMiYbaQLuUwOJ6Wqm72svfokeVQuVtEt2AL-lzpIKYqWYdtNOH9OQygLKNqdzzJXOCasOZu2BSIOtKCepvQ5L1Ug.0fDqix9jENhoIkIRsxXAlFN9oEtQqC02SvsFmmUbus8%26dib_tag%3Dse%26keywords%3Dsoft%2Btoys%26qid%3D1746884884%26sr%3D8-58-spons%26sp_csd%3Dd2lkZ2V0TmFtZT1zcF9idGY%26psc%3D1
Ekanha Dancing Rabbit â€“ Musical Singing Bunny Plush Toy | Interactive Bunny with Music & Movable Ears | Soft Stuffed Toy for Kids (1-8 Years) | Boys & Girls | Pink/Blue (Color Based on Availability),Sun 18 May,,,852,https://m.media-amazon.com/images/I/51OH9wFrTyL._AC_UL320_.jpg,https://www.amazon.in/sspa/click?ie=UTF8&spc=MToyNzQxOTY1NTUwODYzMzM3OjE3NDY4ODQ4ODQ6c3BfYnRmOjMwMDU1MDM0NDczNTEzMjo6MDo6&url=%2FEkanha-Dancing-Rabbit-Interactive-Availability%2Fdp%2FB0DVCGVKJ9%2Fref%3Dsr_1_59_sspa%3Fdib%3DeyJ2IjoiMSJ9.RHUcwkkkik3WcIyBlMsmdc6M1QWebgPfYKICPmcUleqf73OgS42nu7uRAwx8_Iiq7tNO9Or3OswMHZqejZ0yPu7ZNKOLyTFGfE5D_9iOEvv9HSbYyZLh4xraM7kLlJ_QX3iJwXOEpIGEKacjbdgMeBOvuyBK_jpvB3WdhaXda0Dg4dS9UWPgWekX31ilB8S1R4o6sheH9IjY2xF3p_tMMiYbaQLuUwOJ6Wqm72svfokeVQuVtEt2AL-lzpIKYqWYdtNOH9OQygLKNqdzzJXOCasOZu2BSIOtKCepvQ5L1Ug.0fDqix9jENhoIkIRsxXAlFN9oEtQqC02SvsFmmUbus8%26dib_tag%3Dse%26keywords%3Dsoft%2Btoys%26qid%3D1746884884%26sr%3D8-59-spons%26sp_csd%3Dd2lkZ2V0TmFtZT1zcF9idGY%26psc%3D1
"Happy Tots Giraffe Soft Toy for Kids, Girls and Boys | Huggable Stuffed Plush Animal | Ideal for Birthdays & Special Occasions | Small - 40cm",Wed 14 May,,,390,https://m.media-amazon.com/images/I/618c-lryyyL._AC_UL320_.jpg,https://www.amazon.in/sspa/click?ie=UTF8&spc=MToyNzQxOTY1NTUwODYzMzM3OjE3NDY4ODQ4ODQ6c3BfYnRmOjMwMDUwNDIxMTA0NDEzMjo6MDo6&url=%2FHappy-Tots-Huggable-Birthdays-Occasions%2Fdp%2FB0DP5H48N9%2Fref%3Dsr_1_60_sspa%3Fdib%3DeyJ2IjoiMSJ9.RHUcwkkkik3WcIyBlMsmdc6M1QWebgPfYKICPmcUleqf73OgS42nu7uRAwx8_Iiq7tNO9Or3OswMHZqejZ0yPu7ZNKOLyTFGfE5D_9iOEvv9HSbYyZLh4xraM7kLlJ_QX3iJwXOEpIGEKacjbdgMeBOvuyBK_jpvB3WdhaXda0Dg4dS9UWPgWekX31ilB8S1R4o6sheH9IjY2xF3p_tMMiYbaQLuUwOJ6Wqm72svfokeVQuVtEt2AL-lzpIKYqWYdtNOH9OQygLKNqdzzJXOCasOZu2BSIOtKCepvQ5L1Ug.0fDqix9jENhoIkIRsxXAlFN9oEtQqC02SvsFmmUbus8%26dib_tag%3Dse%26keywords%3Dsoft%2Btoys%26qid%3D1746884884%26sr%3D8-60-spons%26sp_csd%3Dd2lkZ2V0TmFtZT1zcF9idGY%26psc%3D1
